{"cameraMode":{"drawMode":0,"name":"Shaded","section":"Shading Mode"},"sceneLighting":true,"audioPlay":false,"sceneViewState":{"showFog":true,"showMaterialUpdate":false,"showSkybox":true,"showFlares":true,"showImageEffects":false,"showParticleSystems":true},"in2DMode":false,"pivot":{"x":15.881196975708008,"y":-1.0303739309310914,"z":1.0195168256759644},"rotation":{"x":-0.14431527256965638,"y":-0.6954241394996643,"z":0.14585019648075105,"w":-0.6887387633323669},"size":14.05610466003418,"orthographic":false}