{"cameraMode":{"drawMode":0,"name":"Shaded","section":"Shading Mode"},"sceneLighting":true,"audioPlay":false,"sceneViewState":{"showFog":true,"showMaterialUpdate":false,"showSkybox":true,"showFlares":true,"showImageEffects":false,"showParticleSystems":true},"in2DMode":false,"pivot":{"x":-14.945585250854493,"y":0.5429074764251709,"z":0.44161632657051089},"rotation":{"x":0.16852279007434846,"y":-0.5415534377098084,"z":0.11180528998374939,"w":0.815991997718811},"size":2.8578836917877199,"orthographic":false}