{"cameraMode":{"drawMode":0,"name":"Shaded","section":"Shading Mode"},"sceneLighting":true,"audioPlay":false,"sceneViewState":{"showFog":true,"showMaterialUpdate":false,"showSkybox":true,"showFlares":true,"showImageEffects":false,"showParticleSystems":true},"in2DMode":false,"pivot":{"x":19.33978271484375,"y":0.7658741474151611,"z":1.717591643333435},"rotation":{"x":0.07228011637926102,"y":0.6362177133560181,"z":-0.060098547488451007,"w":0.765760600566864},"size":2.8578836917877199,"orthographic":false}