{"cameraMode":{"drawMode":0,"name":"Shaded","section":"Shading Mode"},"sceneLighting":true,"audioPlay":false,"sceneViewState":{"showFog":true,"showMaterialUpdate":false,"showSkybox":true,"showFlares":true,"showImageEffects":false,"showParticleSystems":true},"in2DMode":false,"pivot":{"x":-3.738102912902832,"y":2.259568929672241,"z":1.2510972023010255},"rotation":{"x":0.20269982516765595,"y":-0.7024182677268982,"z":0.2204533815383911,"w":0.6457183957099915},"size":2.2981841564178469,"orthographic":false}