{"cameraMode":{"drawMode":0,"name":"Shaded","section":"Shading Mode"},"sceneLighting":false,"audioPlay":false,"sceneViewState":{"showFog":true,"showMaterialUpdate":false,"showSkybox":false,"showFlares":true,"showImageEffects":true,"showParticleSystems":true},"in2DMode":false,"pivot":{"x":1.8912330865859986,"y":1.0160887241363526,"z":-1.709435224533081},"rotation":{"x":-0.0015890252543613315,"y":0.994034469127655,"z":-0.10808635503053665,"w":-0.014612098224461079},"size":3.4414780139923097,"orthographic":false}