{"cameraMode":{"drawMode":0,"name":"Shaded","section":"Shading Mode"},"sceneLighting":false,"audioPlay":false,"sceneViewState":{"showFog":true,"showMaterialUpdate":false,"showSkybox":false,"showFlares":true,"showImageEffects":false,"showParticleSystems":true},"in2DMode":false,"pivot":{"x":-15.073782920837403,"y":0.5614891052246094,"z":-2.525791883468628},"rotation":{"x":0.2064588963985443,"y":-0.604401707649231,"z":0.1660390943288803,"w":0.7513505220413208},"size":2.7758893966674806,"orthographic":false}