{"cameraMode":{"drawMode":0,"name":"Shaded","section":"Shading Mode"},"sceneLighting":false,"audioPlay":false,"sceneViewState":{"showFog":false,"showMaterialUpdate":false,"showSkybox":false,"showFlares":false,"showImageEffects":false,"showParticleSystems":false},"in2DMode":false,"pivot":{"x":-17.317699432373048,"y":-1.7246057987213135,"z":-0.15595701336860658},"rotation":{"x":0.11134114861488342,"y":-0.7872992157936096,"z":0.14906007051467896,"w":0.5878545045852661},"size":7.907742500305176,"orthographic":false}