{"cameraMode":{"drawMode":0,"name":"Shaded","section":"Shading Mode"},"sceneLighting":true,"audioPlay":false,"sceneViewState":{"showFog":true,"showMaterialUpdate":false,"showSkybox":true,"showFlares":true,"showImageEffects":false,"showParticleSystems":true},"in2DMode":false,"pivot":{"x":-4.409738540649414,"y":0.5990962982177734,"z":0.8451666831970215},"rotation":{"x":0.3378481864929199,"y":0.00900245737284422,"z":-0.0032693506218492986,"w":0.9411699771881104},"size":54.72590637207031,"orthographic":false}