{"cameraMode":{"drawMode":0,"name":"Shaded","section":"Shading Mode"},"sceneLighting":false,"audioPlay":false,"sceneViewState":{"showFog":true,"showMaterialUpdate":false,"showSkybox":true,"showFlares":true,"showImageEffects":true,"showParticleSystems":true},"in2DMode":false,"pivot":{"x":-13.684155464172364,"y":-0.47947171330451968,"z":-3.234043598175049},"rotation":{"x":-0.15386620163917542,"y":0.7138791084289551,"z":-0.1654401570558548,"w":-0.6628252267837524},"size":10.0,"orthographic":false}