{"cameraMode":{"drawMode":0,"name":"Shaded","section":"Shading Mode"},"sceneLighting":true,"audioPlay":false,"sceneViewState":{"showFog":false,"showMaterialUpdate":false,"showSkybox":false,"showFlares":false,"showImageEffects":false,"showParticleSystems":false},"in2DMode":false,"pivot":{"x":-4.341005802154541,"y":3.21923565864563,"z":-3.899627923965454},"rotation":{"x":-0.39438796043395998,"y":-0.28195053339004519,"z":0.12900666892528535,"w":-0.8652557730674744},"size":22.87559700012207,"orthographic":false}