{"cameraMode":{"drawMode":0,"name":"Shaded","section":"Shading Mode"},"sceneLighting":false,"audioPlay":false,"sceneViewState":{"showFog":false,"showMaterialUpdate":false,"showSkybox":false,"showFlares":false,"showImageEffects":false,"showParticleSystems":false},"in2DMode":false,"pivot":{"x":-17.91939926147461,"y":3.0803451538085939,"z":-4.002432823181152},"rotation":{"x":0.2317059189081192,"y":0.3601546585559845,"z":-0.0929718166589737,"w":0.898956835269928},"size":2.2981841564178469,"orthographic":false}