{"cameraMode":{"drawMode":0,"name":"Shaded","section":"Shading Mode"},"sceneLighting":false,"audioPlay":false,"sceneViewState":{"showFog":false,"showMaterialUpdate":false,"showSkybox":false,"showFlares":false,"showImageEffects":false,"showParticleSystems":false},"in2DMode":false,"pivot":{"x":24.71424674987793,"y":-0.3473223149776459,"z":0.7936314940452576},"rotation":{"x":-0.1439891755580902,"y":-0.3746189773082733,"z":0.05923536792397499,"w":-0.9141713380813599},"size":1.747934341430664,"orthographic":false}