{"cameraMode":{"drawMode":0,"name":"Shaded","section":"Shading Mode"},"sceneLighting":true,"audioPlay":false,"sceneViewState":{"showFog":false,"showMaterialUpdate":false,"showSkybox":false,"showFlares":false,"showImageEffects":false,"showParticleSystems":false},"in2DMode":false,"pivot":{"x":5.012635231018066,"y":8.154712677001954,"z":5.229338645935059},"rotation":{"x":0.27770528197288515,"y":-0.5738711357116699,"z":0.21501657366752625,"w":0.740022599697113},"size":3.572355031967163,"orthographic":false}