{"cameraMode":{"drawMode":0,"name":"Shaded","section":"Shading Mode"},"sceneLighting":true,"audioPlay":false,"sceneViewState":{"showFog":false,"showMaterialUpdate":false,"showSkybox":false,"showFlares":false,"showImageEffects":false,"showParticleSystems":false},"in2DMode":false,"pivot":{"x":-7.663838863372803,"y":-6.146446228027344,"z":8.664093017578125},"rotation":{"x":0.3287874162197113,"y":0.16930551826953889,"z":-0.06043567135930061,"w":0.9272803068161011},"size":22.437519073486329,"orthographic":false}